{
  "v1.02_to_v1.10": {
    "diff_bytes": 276900,
    "diff_pct": 52.814483642578125,
    "region_count": 45,
    "regions": [
      [
        6,
        7
      ],
      [
        190,
        191
      ],
      [
        1028,
        1475
      ],
      [
        1641,
        1901
      ],
      [
        3789,
        4179
      ],
      [
        4333,
        4589
      ],
      [
        4855,
        6383
      ],
      [
        6695,
        259243
      ],
      [
        327758,
        327759
      ],
      [
        328146,
        328147
      ],
      [
        328508,
        328510
      ],
      [
        329009,
        329268
      ],
      [
        330630,
        330630
      ],
      [
        331383,
        331457
      ],
      [
        332207,
        367188
      ],
      [
        367405,
        368728
      ],
      [
        368941,
        370268
      ],
      [
        370477,
        371808
      ],
      [
        372013,
        373417
      ],
      [
        373565,
        373623
      ],
      [
        373818,
        373873
      ],
      [
        374080,
        374133
      ],
      [
        374335,
        374391
      ],
      [
        374586,
        374633
      ],
      [
        375105,
        375159
      ],
      [
        375358,
        375409
      ],
      [
        375620,
        375669
      ],
      [
        375875,
        375927
      ],
      [
        376126,
        376169
      ],
      [
        376386,
        376392
      ],
      [
        376631,
        377229
      ],
      [
        377390,
        377736
      ],
      [
        377914,
        377985
      ],
      [
        378163,
        378481
      ],
      [
        378665,
        378741
      ],
      [
        378941,
        379241
      ],
      [
        379452,
        379472
      ],
      [
        379705,
        385922
      ],
      [
        386084,
        386200
      ],
      [
        386348,
        386946
      ],
      [
        387108,
        387970
      ],
      [
        388132,
        388248
      ],
      [
        388396,
        388994
      ],
      [
        389156,
        389272
      ],
      [
        389421,
        403519
      ]
    ]
  },
  "v1.10_to_v1.11": {
    "diff_bytes": 171097,
    "diff_pct": 32.63416290283203,
    "region_count": 96,
    "regions": [
      [
        6,
        7
      ],
      [
        191,
        191
      ],
      [
        1028,
        1029
      ],
      [
        1475,
        1475
      ],
      [
        4067,
        4179
      ],
      [
        4589,
        4589
      ],
      [
        5325,
        5423
      ],
      [
        5875,
        5875
      ],
      [
        6973,
        6979
      ],
      [
        7238,
        7301
      ],
      [
        11309,
        11309
      ],
      [
        11827,
        11827
      ],
      [
        12013,
        12013
      ],
      [
        12921,
        12921
      ],
      [
        13260,
        13261
      ],
      [
        14029,
        14029
      ],
      [
        14317,
        14317
      ],
      [
        14759,
        14943
      ],
      [
        15637,
        15637
      ],
      [
        16435,
        16435
      ],
      [
        17273,
        17273
      ],
      [
        17772,
        17773
      ],
      [
        18529,
        18529
      ],
      [
        18659,
        18757
      ],
      [
        19357,
        19357
      ],
      [
        19665,
        19665
      ],
      [
        20028,
        20029
      ],
      [
        20260,
        20389
      ],
      [
        20581,
        20581
      ],
      [
        21065,
        21065
      ],
      [
        21243,
        21243
      ],
      [
        21516,
        21629
      ],
      [
        22067,
        22141
      ],
      [
        22378,
        22379
      ],
      [
        22721,
        22721
      ],
      [
        23227,
        23227
      ],
      [
        24269,
        24269
      ],
      [
        26063,
        26063
      ],
      [
        26361,
        26839
      ],
      [
        26977,
        27345
      ],
      [
        27513,
        27799
      ],
      [
        27939,
        28673
      ],
      [
        28827,
        29385
      ],
      [
        29537,
        30375
      ],
      [
        30598,
        30599
      ],
      [
        30793,
        30793
      ],
      [
        31509,
        31509
      ],
      [
        35089,
        35089
      ],
      [
        35639,
        35639
      ],
      [
        37205,
        37385
      ],
      [
        37775,
        38055
      ],
      [
        38223,
        38223
      ],
      [
        38725,
        38725
      ],
      [
        39215,
        39433
      ],
      [
        42268,
        42269
      ],
      [
        42695,
        42695
      ],
      [
        42845,
        42897
      ],
      [
        43113,
        43113
      ],
      [
        43337,
        43441
      ],
      [
        43845,
        43845
      ],
      [
        44023,
        44023
      ],
      [
        44257,
        44257
      ],
      [
        46129,
        46129
      ],
      [
        46521,
        46531
      ],
      [
        48663,
        48783
      ],
      [
        49067,
        49139
      ],
      [
        51505,
        51625
      ],
      [
        52083,
        52177
      ],
      [
        53323,
        53323
      ],
      [
        54135,
        54135
      ],
      [
        54439,
        54555
      ],
      [
        54935,
        55279
      ],
      [
        55610,
        55611
      ],
      [
        56018,
        56019
      ],
      [
        56267,
        56267
      ],
      [
        56558,
        56559
      ],
      [
        56893,
        56981
      ],
      [
        57217,
        58129
      ],
      [
        58369,
        58449
      ],
      [
        58629,
        59593
      ],
      [
        59771,
        60093
      ],
      [
        62885,
        63105
      ],
      [
        68565,
        68647
      ],
      [
        68959,
        69053
      ],
      [
        69209,
        69209
      ],
      [
        69457,
        69787
      ],
      [
        69938,
        69939
      ],
      [
        70090,
        70091
      ],
      [
        70242,
        70493
      ],
      [
        71931,
        71983
      ],
      [
        72287,
        72339
      ],
      [
        72637,
        72807
      ],
      [
        76431,
        259341
      ],
      [
        328512,
        328512
      ],
      [
        329114,
        329262
      ],
      [
        343593,
        343593
      ]
    ]
  },
  "v1.02_to_v1.11": {
    "diff_bytes": 277310,
    "diff_pct": 52.89268493652344,
    "region_count": 45,